{"cameraMode":{"drawMode":0,"name":"Shaded","section":"Shading Mode"},"sceneLighting":false,"audioPlay":false,"sceneViewState":{"m_AlwaysRefresh":false,"showFog":true,"showSkybox":true,"showFlares":true,"showImageEffects":true,"showParticleSystems":true,"showVisualEffectGraphs":true,"m_FxEnabled":true},"in2DMode":false,"pivot":{"x":8.23799991607666,"y":12.790000915527344,"z":12.699996948242188},"rotation":{"x":0.11062468588352204,"y":0.051261868327856067,"z":-0.0057136137038469318,"w":0.9925233721733093},"size":1.5239753723144532,"orthographic":false}